name,platform,source_url,record_type,verification,enrichment_status,outreach_status
"267","Local Makers","","Doğrulandı","","needs_enrichment","blocked_until_enriched"
"30 Kağıt İşleri","Local Makers","https://localmakers.com.tr/pages/makers","Maker / marka / stüdyo profili","Resmî public dizinden doğrulandı","needs_enrichment","blocked_until_enriched"
"-ve studio","Local Makers","https://localmakers.com.tr/pages/makers","Maker / marka / stüdyo profili","Resmî public dizinden doğrulandı","needs_enrichment","blocked_until_enriched"
"[IM]perfectionists","Local Makers","https://localmakers.com.tr/pages/makers","Maker / marka / stüdyo profili","Resmî public dizinden doğrulandı","needs_enrichment","blocked_until_enriched"
"Abtira Garden","Local Makers","https://localmakers.com.tr/pages/makers","Maker / marka / stüdyo profili","Resmî public dizinden doğrulandı","needs_enrichment","blocked_until_enriched"
"Aftersun Brand","Local Makers","https://localmakers.com.tr/pages/makers","Maker / marka / stüdyo profili","Resmî public dizinden doğrulandı","needs_enrichment","blocked_until_enriched"
"Aicha Lavanta","Local Makers","https://localmakers.com.tr/pages/makers","Maker / marka / stüdyo profili","Resmî public dizinden doğrulandı","needs_enrichment","blocked_until_enriched"
"Aklı Fikri Proje","Local Makers","https://localmakers.com.tr/pages/makers","Maker / marka / stüdyo profili","Resmî public dizinden doğrulandı","needs_enrichment","blocked_until_enriched"
"ALAKOK","Local Makers","https://localmakers.com.tr/pages/makers","Maker / marka / stüdyo profili","Resmî public dizinden doğrulandı","needs_enrichment","blocked_until_enriched"
"Alegoria Jewellery","Local Makers","https://localmakers.com.tr/pages/makers","Maker / marka / stüdyo profili","Resmî public dizinden doğrulandı","needs_enrichment","blocked_until_enriched"
"Ali Semiz","Local Makers","https://localmakers.com.tr/pages/makers","Maker / marka / stüdyo profili","Resmî public dizinden doğrulandı","needs_enrichment","blocked_until_enriched"
"AN Olive Oil","Local Makers","https://localmakers.com.tr/pages/makers","Maker / marka / stüdyo profili","Resmî public dizinden doğrulandı","needs_enrichment","blocked_until_enriched"
"ANDA HEAL","Local Makers","https://localmakers.com.tr/pages/makers","Maker / marka / stüdyo profili","Resmî public dizinden doğrulandı","needs_enrichment","blocked_until_enriched"
"Ancient Greens","Local Makers","https://localmakers.com.tr/pages/makers","Maker / marka / stüdyo profili","Resmî public dizinden doğrulandı","needs_enrichment","blocked_until_enriched"
"Antioch's Studios","Local Makers","https://localmakers.com.tr/pages/makers","Maker / marka / stüdyo profili","Resmî public dizinden doğrulandı","needs_enrichment","blocked_until_enriched"
"Arotolia","Local Makers","https://localmakers.com.tr/pages/makers","Maker / marka / stüdyo profili","Resmî public dizinden doğrulandı","needs_enrichment","blocked_until_enriched"
"ARTEO HANDMADE","Local Makers","https://localmakers.com.tr/pages/makers","Maker / marka / stüdyo profili","Resmî public dizinden doğrulandı","needs_enrichment","blocked_until_enriched"
"Atelier Biiz","Local Makers","https://localmakers.com.tr/pages/makers","Maker / marka / stüdyo profili","Resmî public dizinden doğrulandı","needs_enrichment","blocked_until_enriched"
"Atelier Mein","Local Makers","https://localmakers.com.tr/pages/makers","Maker / marka / stüdyo profili","Resmî public dizinden doğrulandı","needs_enrichment","blocked_until_enriched"
"Badecanlar Şefkatli Kozmetik","Local Makers","https://localmakers.com.tr/pages/makers","Maker / marka / stüdyo profili","Resmî public dizinden doğrulandı","needs_enrichment","blocked_until_enriched"
"BAEL ISTANBUL","Local Makers","https://localmakers.com.tr/pages/makers","Maker / marka / stüdyo profili","Resmî public dizinden doğrulandı","needs_enrichment","blocked_until_enriched"
"Bej Marble Design","Local Makers","https://localmakers.com.tr/pages/makers","Maker / marka / stüdyo profili","Resmî public dizinden doğrulandı","needs_enrichment","blocked_until_enriched"
"beije","Local Makers","https://localmakers.com.tr/pages/makers","Maker / marka / stüdyo profili","Resmî public dizinden doğrulandı","needs_enrichment","blocked_until_enriched"
"Beincoe","Local Makers","https://localmakers.com.tr/pages/makers","Maker / marka / stüdyo profili","Resmî public dizinden doğrulandı","needs_enrichment","blocked_until_enriched"
"Berlins Ceramic","Local Makers","https://localmakers.com.tr/pages/makers","Maker / marka / stüdyo profili","Resmî public dizinden doğrulandı","needs_enrichment","blocked_until_enriched"
"Bonjouk Studio","Local Makers","https://localmakers.com.tr/pages/makers","Maker / marka / stüdyo profili","Resmî public dizinden doğrulandı","needs_enrichment","blocked_until_enriched"
"Boogie Beegie Studio","Local Makers","https://localmakers.com.tr/pages/makers","Maker / marka / stüdyo profili","Resmî public dizinden doğrulandı","needs_enrichment","blocked_until_enriched"
"BTALE","Local Makers","https://localmakers.com.tr/pages/makers","Maker / marka / stüdyo profili","Resmî public dizinden doğrulandı","needs_enrichment","blocked_until_enriched"
"Cen Cam","Local Makers","https://localmakers.com.tr/pages/makers","Maker / marka / stüdyo profili","Resmî public dizinden doğrulandı","needs_enrichment","blocked_until_enriched"
"Chado","Local Makers","https://localmakers.com.tr/pages/makers","Maker / marka / stüdyo profili","Resmî public dizinden doğrulandı","needs_enrichment","blocked_until_enriched"
"Clay'nframe","Local Makers","https://localmakers.com.tr/pages/makers","Maker / marka / stüdyo profili","Resmî public dizinden doğrulandı","needs_enrichment","blocked_until_enriched"
"Cocodema","Local Makers","https://localmakers.com.tr/pages/makers","Maker / marka / stüdyo profili","Resmî public dizinden doğrulandı","needs_enrichment","blocked_until_enriched"
"COLOR MANIFESTO","Local Makers","https://localmakers.com.tr/pages/makers","Maker / marka / stüdyo profili","Resmî public dizinden doğrulandı","needs_enrichment","blocked_until_enriched"
"Color Reflect","Local Makers","https://localmakers.com.tr/pages/makers","Maker / marka / stüdyo profili","Resmî public dizinden doğrulandı","needs_enrichment","blocked_until_enriched"
"Colorz","Local Makers","https://localmakers.com.tr/pages/makers","Maker / marka / stüdyo profili","Resmî public dizinden doğrulandı","needs_enrichment","blocked_until_enriched"
"Çok Acı Olmuş","Local Makers","https://localmakers.com.tr/pages/makers","Maker / marka / stüdyo profili","Resmî public dizinden doğrulandı","needs_enrichment","blocked_until_enriched"
"Dada Luv Dada","Local Makers","https://localmakers.com.tr/pages/makers","Maker / marka / stüdyo profili","Resmî public dizinden doğrulandı","needs_enrichment","blocked_until_enriched"
"Daily Me","Local Makers","https://localmakers.com.tr/pages/makers","Maker / marka / stüdyo profili","Resmî public dizinden doğrulandı","needs_enrichment","blocked_until_enriched"
"Daring Littles","Local Makers","https://localmakers.com.tr/pages/makers","Maker / marka / stüdyo profili","Resmî public dizinden doğrulandı","needs_enrichment","blocked_until_enriched"
"Dellel","Local Makers","https://localmakers.com.tr/pages/makers","Maker / marka / stüdyo profili","Resmî public dizinden doğrulandı","needs_enrichment","blocked_until_enriched"
"Denim Trip","Local Makers","https://localmakers.com.tr/pages/makers","Maker / marka / stüdyo profili","Resmî public dizinden doğrulandı","needs_enrichment","blocked_until_enriched"
"Dezırt","Local Makers","https://localmakers.com.tr/pages/makers","Maker / marka / stüdyo profili","Resmî public dizinden doğrulandı","needs_enrichment","blocked_until_enriched"
"Dıy and Green","Local Makers","https://localmakers.com.tr/pages/makers","Maker / marka / stüdyo profili","Resmî public dizinden doğrulandı","needs_enrichment","blocked_until_enriched"
"Dionesse","Local Makers","https://localmakers.com.tr/pages/makers","Maker / marka / stüdyo profili","Resmî public dizinden doğrulandı","needs_enrichment","blocked_until_enriched"
"Doğalika","Local Makers","https://localmakers.com.tr/pages/makers","Maker / marka / stüdyo profili","Resmî public dizinden doğrulandı","needs_enrichment","blocked_until_enriched"
"Dufam","Local Makers","https://localmakers.com.tr/pages/makers","Maker / marka / stüdyo profili","Resmî public dizinden doğrulandı","needs_enrichment","blocked_until_enriched"
"E WAS THERE","Local Makers","https://localmakers.com.tr/pages/makers","Maker / marka / stüdyo profili","Resmî public dizinden doğrulandı","needs_enrichment","blocked_until_enriched"
"ecotone","Local Makers","https://localmakers.com.tr/pages/makers","Maker / marka / stüdyo profili","Resmî public dizinden doğrulandı","needs_enrichment","blocked_until_enriched"
"Ecolivos","Local Makers","https://localmakers.com.tr/pages/makers","Maker / marka / stüdyo profili","Resmî public dizinden doğrulandı","needs_enrichment","blocked_until_enriched"
"Eda Tekşan Studio","Local Makers","https://localmakers.com.tr/pages/makers","Maker / marka / stüdyo profili","Resmî public dizinden doğrulandı","needs_enrichment","blocked_until_enriched"
"Edizione Living","Local Makers","https://localmakers.com.tr/pages/makers","Maker / marka / stüdyo profili","Resmî public dizinden doğrulandı","needs_enrichment","blocked_until_enriched"
"elelexelele","Local Makers","https://localmakers.com.tr/pages/makers","Maker / marka / stüdyo profili","Resmî public dizinden doğrulandı","needs_enrichment","blocked_until_enriched"
"Emaylab","Local Makers","https://localmakers.com.tr/pages/makers","Maker / marka / stüdyo profili","Resmî public dizinden doğrulandı","needs_enrichment","blocked_until_enriched"
"Epidotte","Local Makers","https://localmakers.com.tr/pages/makers","Maker / marka / stüdyo profili","Resmî public dizinden doğrulandı","needs_enrichment","blocked_until_enriched"
"Etem Ruhi","Local Makers","https://localmakers.com.tr/pages/makers","Maker / marka / stüdyo profili","Resmî public dizinden doğrulandı","needs_enrichment","blocked_until_enriched"
"Figure","Local Makers","https://localmakers.com.tr/pages/makers","Maker / marka / stüdyo profili","Resmî public dizinden doğrulandı","needs_enrichment","blocked_until_enriched"
"Fiorel Design","Local Makers","https://localmakers.com.tr/pages/makers","Maker / marka / stüdyo profili","Resmî public dizinden doğrulandı","needs_enrichment","blocked_until_enriched"
"Flay","Local Makers","https://localmakers.com.tr/pages/makers","Maker / marka / stüdyo profili","Resmî public dizinden doğrulandı","needs_enrichment","blocked_until_enriched"
"Fleur de Cansu","Local Makers","https://localmakers.com.tr/pages/makers","Maker / marka / stüdyo profili","Resmî public dizinden doğrulandı","needs_enrichment","blocked_until_enriched"
"Frea Naturalz","Local Makers","https://localmakers.com.tr/pages/makers","Maker / marka / stüdyo profili","Resmî public dizinden doğrulandı","needs_enrichment","blocked_until_enriched"
"Fulique","Local Makers","https://localmakers.com.tr/pages/makers","Maker / marka / stüdyo profili","Resmî public dizinden doğrulandı","needs_enrichment","blocked_until_enriched"
"Funsy","Local Makers","https://localmakers.com.tr/pages/makers","Maker / marka / stüdyo profili","Resmî public dizinden doğrulandı","needs_enrichment","blocked_until_enriched"
"FUNOLİ","Local Makers","https://localmakers.com.tr/pages/makers","Maker / marka / stüdyo profili","Resmî public dizinden doğrulandı","needs_enrichment","blocked_until_enriched"
"Galene","Local Makers","https://localmakers.com.tr/pages/makers","Maker / marka / stüdyo profili","Resmî public dizinden doğrulandı","needs_enrichment","blocked_until_enriched"
"Galene for Kids","Local Makers","https://localmakers.com.tr/pages/makers","Maker / marka / stüdyo profili","Resmî public dizinden doğrulandı","needs_enrichment","blocked_until_enriched"
"Gliparis","Local Makers","https://localmakers.com.tr/pages/makers","Maker / marka / stüdyo profili","Resmî public dizinden doğrulandı","needs_enrichment","blocked_until_enriched"
"Grandma's Wonderland","Local Makers","https://localmakers.com.tr/pages/makers","Maker / marka / stüdyo profili","Resmî public dizinden doğrulandı","needs_enrichment","blocked_until_enriched"
"Giyi","Local Makers","https://localmakers.com.tr/pages/makers","Maker / marka / stüdyo profili","Resmî public dizinden doğrulandı","needs_enrichment","blocked_until_enriched"
"Go Concept","Local Makers","https://localmakers.com.tr/pages/makers","Maker / marka / stüdyo profili","Resmî public dizinden doğrulandı","needs_enrichment","blocked_until_enriched"
"GODS NEXT DOOR","Local Makers","https://localmakers.com.tr/pages/makers","Maker / marka / stüdyo profili","Resmî public dizinden doğrulandı","needs_enrichment","blocked_until_enriched"
"Goya Botanicals","Local Makers","https://localmakers.com.tr/pages/makers","Maker / marka / stüdyo profili","Resmî public dizinden doğrulandı","needs_enrichment","blocked_until_enriched"
"Göçebe Kadınlar","Local Makers","https://localmakers.com.tr/pages/makers","Maker / marka / stüdyo profili","Resmî public dizinden doğrulandı","needs_enrichment","blocked_until_enriched"
"Gui Jewellery","Local Makers","https://localmakers.com.tr/pages/makers","Maker / marka / stüdyo profili","Resmî public dizinden doğrulandı","needs_enrichment","blocked_until_enriched"
"HAANTOO","Local Makers","https://localmakers.com.tr/pages/makers","Maker / marka / stüdyo profili","Resmî public dizinden doğrulandı","needs_enrichment","blocked_until_enriched"
"Harım","Local Makers","https://localmakers.com.tr/pages/makers","Maker / marka / stüdyo profili","Resmî public dizinden doğrulandı","needs_enrichment","blocked_until_enriched"
"HAHA KAFE","Local Makers","https://localmakers.com.tr/pages/makers","Maker / marka / stüdyo profili","Resmî public dizinden doğrulandı","needs_enrichment","blocked_until_enriched"
"Hâl:Hab","Local Makers","https://localmakers.com.tr/pages/makers","Maker / marka / stüdyo profili","Resmî public dizinden doğrulandı","needs_enrichment","blocked_until_enriched"
"Ham Fabrics","Local Makers","https://localmakers.com.tr/pages/makers","Maker / marka / stüdyo profili","Resmî public dizinden doğrulandı","needs_enrichment","blocked_until_enriched"
"Hane:9","Local Makers","https://localmakers.com.tr/pages/makers","Maker / marka / stüdyo profili","Resmî public dizinden doğrulandı","needs_enrichment","blocked_until_enriched"
"Haori","Local Makers","https://localmakers.com.tr/pages/makers","Maker / marka / stüdyo profili","Resmî public dizinden doğrulandı","needs_enrichment","blocked_until_enriched"
"Handan Loomworks","Local Makers","https://localmakers.com.tr/pages/makers","Maker / marka / stüdyo profili","Resmî public dizinden doğrulandı","needs_enrichment","blocked_until_enriched"
"Happy Roots","Local Makers","https://localmakers.com.tr/pages/makers","Maker / marka / stüdyo profili","Resmî public dizinden doğrulandı","needs_enrichment","blocked_until_enriched"
"Härman Coffee","Local Makers","https://localmakers.com.tr/pages/makers","Maker / marka / stüdyo profili","Resmî public dizinden doğrulandı","needs_enrichment","blocked_until_enriched"
"Hayra Alamet Dükkan","Local Makers","https://localmakers.com.tr/pages/makers","Maker / marka / stüdyo profili","Resmî public dizinden doğrulandı","needs_enrichment","blocked_until_enriched"
"HEARTISH","Local Makers","https://localmakers.com.tr/pages/makers","Maker / marka / stüdyo profili","Resmî public dizinden doğrulandı","needs_enrichment","blocked_until_enriched"
"Hiç Ceramics","Local Makers","https://localmakers.com.tr/pages/makers","Maker / marka / stüdyo profili","Resmî public dizinden doğrulandı","needs_enrichment","blocked_until_enriched"
"Hisleri Harika","Local Makers","https://localmakers.com.tr/pages/makers","Maker / marka / stüdyo profili","Resmî public dizinden doğrulandı","needs_enrichment","blocked_until_enriched"
"Homemade Aromaterapi","Local Makers","https://localmakers.com.tr/pages/makers","Maker / marka / stüdyo profili","Resmî public dizinden doğrulandı","needs_enrichment","blocked_until_enriched"
"Home Essence","Local Makers","https://localmakers.com.tr/pages/makers","Maker / marka / stüdyo profili","Resmî public dizinden doğrulandı","needs_enrichment","blocked_until_enriched"
"House of Hunny","Local Makers","https://localmakers.com.tr/pages/makers","Maker / marka / stüdyo profili","Resmî public dizinden doğrulandı","needs_enrichment","blocked_until_enriched"
"Hueppi","Local Makers","https://localmakers.com.tr/pages/makers","Maker / marka / stüdyo profili","Resmî public dizinden doğrulandı","needs_enrichment","blocked_until_enriched"
"İki Balık","Local Makers","https://localmakers.com.tr/pages/makers","Maker / marka / stüdyo profili","Resmî public dizinden doğrulandı","needs_enrichment","blocked_until_enriched"
"ilo and friends","Local Makers","https://localmakers.com.tr/pages/makers","Maker / marka / stüdyo profili","Resmî public dizinden doğrulandı","needs_enrichment","blocked_until_enriched"
"İtina.co","Local Makers","https://localmakers.com.tr/pages/makers","Maker / marka / stüdyo profili","Resmî public dizinden doğrulandı","needs_enrichment","blocked_until_enriched"
"İreçel","Local Makers","https://localmakers.com.tr/pages/makers","Maker / marka / stüdyo profili","Resmî public dizinden doğrulandı","needs_enrichment","blocked_until_enriched"
"irie","Local Makers","https://localmakers.com.tr/pages/makers","Maker / marka / stüdyo profili","Resmî public dizinden doğrulandı","needs_enrichment","blocked_until_enriched"
"İYİ KAFA","Local Makers","https://localmakers.com.tr/pages/makers","Maker / marka / stüdyo profili","Resmî public dizinden doğrulandı","needs_enrichment","blocked_until_enriched"
"izda studio","Local Makers","https://localmakers.com.tr/pages/makers","Maker / marka / stüdyo profili","Resmî public dizinden doğrulandı","needs_enrichment","blocked_until_enriched"
"IROSCOWISH","Local Makers","https://localmakers.com.tr/pages/makers","Maker / marka / stüdyo profili","Resmî public dizinden doğrulandı","needs_enrichment","blocked_until_enriched"
"İLAERG","Local Makers","https://localmakers.com.tr/pages/makers","Maker / marka / stüdyo profili","Resmî public dizinden doğrulandı","needs_enrichment","blocked_until_enriched"
"Jardin du Soleil","Local Makers","https://localmakers.com.tr/pages/makers","Maker / marka / stüdyo profili","Resmî public dizinden doğrulandı","needs_enrichment","blocked_until_enriched"
"Joséphine Cookies","Local Makers","https://localmakers.com.tr/pages/makers","Maker / marka / stüdyo profili","Resmî public dizinden doğrulandı","needs_enrichment","blocked_until_enriched"
"Jun Objects","Local Makers","https://localmakers.com.tr/pages/makers","Maker / marka / stüdyo profili","Resmî public dizinden doğrulandı","needs_enrichment","blocked_until_enriched"
"K'Aİ & VROSİ","Local Makers","https://localmakers.com.tr/pages/makers","Maker / marka / stüdyo profili","Resmî public dizinden doğrulandı","needs_enrichment","blocked_until_enriched"
"Kabuk Studio","Local Makers","https://localmakers.com.tr/pages/makers","Maker / marka / stüdyo profili","Resmî public dizinden doğrulandı","needs_enrichment","blocked_until_enriched"
"KAJULAND","Local Makers","https://localmakers.com.tr/pages/makers","Maker / marka / stüdyo profili","Resmî public dizinden doğrulandı","needs_enrichment","blocked_until_enriched"
"KEB ATÖLYE","Local Makers","https://localmakers.com.tr/pages/makers","Maker / marka / stüdyo profili","Resmî public dizinden doğrulandı","needs_enrichment","blocked_until_enriched"
"Keji Home","Local Makers","https://localmakers.com.tr/pages/makers","Maker / marka / stüdyo profili","Resmî public dizinden doğrulandı","needs_enrichment","blocked_until_enriched"
"Kendime Not","Local Makers","https://localmakers.com.tr/pages/makers","Maker / marka / stüdyo profili","Resmî public dizinden doğrulandı","needs_enrichment","blocked_until_enriched"
"KenevirCo","Local Makers","https://localmakers.com.tr/pages/makers","Maker / marka / stüdyo profili","Resmî public dizinden doğrulandı","needs_enrichment","blocked_until_enriched"
"Kind Cooky","Local Makers","https://localmakers.com.tr/pages/makers","Maker / marka / stüdyo profili","Resmî public dizinden doğrulandı","needs_enrichment","blocked_until_enriched"
"Kiraz Kids","Local Makers","https://localmakers.com.tr/pages/makers","Maker / marka / stüdyo profili","Resmî public dizinden doğrulandı","needs_enrichment","blocked_until_enriched"
"Kiklou","Local Makers","https://localmakers.com.tr/pages/makers","Maker / marka / stüdyo profili","Resmî public dizinden doğrulandı","needs_enrichment","blocked_until_enriched"
"Kokopelli Şehirde","Local Makers","https://localmakers.com.tr/pages/makers","Maker / marka / stüdyo profili","Resmî public dizinden doğrulandı","needs_enrichment","blocked_until_enriched"
"Kos Living","Local Makers","https://localmakers.com.tr/pages/makers","Maker / marka / stüdyo profili","Resmî public dizinden doğrulandı","needs_enrichment","blocked_until_enriched"
"Krijen","Local Makers","https://localmakers.com.tr/pages/makers","Maker / marka / stüdyo profili","Resmî public dizinden doğrulandı","needs_enrichment","blocked_until_enriched"
"Kue Olive Oil","Local Makers","https://localmakers.com.tr/pages/makers","Maker / marka / stüdyo profili","Resmî public dizinden doğrulandı","needs_enrichment","blocked_until_enriched"
"Kuş Kolektifi","Local Makers","https://localmakers.com.tr/pages/makers","Maker / marka / stüdyo profili","Resmî public dizinden doğrulandı","needs_enrichment","blocked_until_enriched"
"Kyphi Natural","Local Makers","https://localmakers.com.tr/pages/makers","Maker / marka / stüdyo profili","Resmî public dizinden doğrulandı","needs_enrichment","blocked_until_enriched"
"Lab Verde Di Natura","Local Makers","https://localmakers.com.tr/pages/makers","Maker / marka / stüdyo profili","Resmî public dizinden doğrulandı","needs_enrichment","blocked_until_enriched"
"LA FANN","Local Makers","https://localmakers.com.tr/pages/makers","Maker / marka / stüdyo profili","Resmî public dizinden doğrulandı","needs_enrichment","blocked_until_enriched"
"La Vie Ancienne","Local Makers","https://localmakers.com.tr/pages/makers","Maker / marka / stüdyo profili","Resmî public dizinden doğrulandı","needs_enrichment","blocked_until_enriched"
"Lavanta","Local Makers","https://localmakers.com.tr/pages/makers","Maker / marka / stüdyo profili","Resmî public dizinden doğrulandı","needs_enrichment","blocked_until_enriched"
"Lattuga Ceramics","Local Makers","https://localmakers.com.tr/pages/makers","Maker / marka / stüdyo profili","Resmî public dizinden doğrulandı","needs_enrichment","blocked_until_enriched"
"Less Atelier","Local Makers","https://localmakers.com.tr/pages/makers","Maker / marka / stüdyo profili","Resmî public dizinden doğrulandı","needs_enrichment","blocked_until_enriched"
"Less.","Local Makers","https://localmakers.com.tr/pages/makers","Maker / marka / stüdyo profili","Resmî public dizinden doğrulandı","needs_enrichment","blocked_until_enriched"
"Lief","Local Makers","https://localmakers.com.tr/pages/makers","Maker / marka / stüdyo profili","Resmî public dizinden doğrulandı","needs_enrichment","blocked_until_enriched"
"Ligne Studios","Local Makers","https://localmakers.com.tr/pages/makers","Maker / marka / stüdyo profili","Resmî public dizinden doğrulandı","needs_enrichment","blocked_until_enriched"
"Like Me Design Studio","Local Makers","https://localmakers.com.tr/pages/makers","Maker / marka / stüdyo profili","Resmî public dizinden doğrulandı","needs_enrichment","blocked_until_enriched"
"Lily's Candles","Local Makers","https://localmakers.com.tr/pages/makers","Maker / marka / stüdyo profili","Resmî public dizinden doğrulandı","needs_enrichment","blocked_until_enriched"
"Limetree","Local Makers","https://localmakers.com.tr/pages/makers","Maker / marka / stüdyo profili","Resmî public dizinden doğrulandı","needs_enrichment","blocked_until_enriched"
"Lindos Naturals","Local Makers","https://localmakers.com.tr/pages/makers","Maker / marka / stüdyo profili","Resmî public dizinden doğrulandı","needs_enrichment","blocked_until_enriched"
"Literatür Hayat","Local Makers","https://localmakers.com.tr/pages/makers","Maker / marka / stüdyo profili","Resmî public dizinden doğrulandı","needs_enrichment","blocked_until_enriched"
"Loading Bag","Local Makers","https://localmakers.com.tr/pages/makers","Maker / marka / stüdyo profili","Resmî public dizinden doğrulandı","needs_enrichment","blocked_until_enriched"
"Lofuta","Local Makers","https://localmakers.com.tr/pages/makers","Maker / marka / stüdyo profili","Resmî public dizinden doğrulandı","needs_enrichment","blocked_until_enriched"
"LOUPE","Local Makers","https://localmakers.com.tr/pages/makers","Maker / marka / stüdyo profili","Resmî public dizinden doğrulandı","needs_enrichment","blocked_until_enriched"
"Lucid","Local Makers","https://localmakers.com.tr/pages/makers","Maker / marka / stüdyo profili","Resmî public dizinden doğrulandı","needs_enrichment","blocked_until_enriched"
"LUTA DESIGN","Local Makers","https://localmakers.com.tr/pages/makers","Maker / marka / stüdyo profili","Resmî public dizinden doğrulandı","needs_enrichment","blocked_until_enriched"
"Magni","Local Makers","https://localmakers.com.tr/pages/makers","Maker / marka / stüdyo profili","Resmî public dizinden doğrulandı","needs_enrichment","blocked_until_enriched"
"Maika Atelier","Local Makers","https://localmakers.com.tr/pages/makers","Maker / marka / stüdyo profili","Resmî public dizinden doğrulandı","needs_enrichment","blocked_until_enriched"
"Maja Jewels","Local Makers","https://localmakers.com.tr/pages/makers","Maker / marka / stüdyo profili","Resmî public dizinden doğrulandı","needs_enrichment","blocked_until_enriched"
"Maji Botanicals","Local Makers","https://localmakers.com.tr/pages/makers","Maker / marka / stüdyo profili","Resmî public dizinden doğrulandı","needs_enrichment","blocked_until_enriched"
"Makre Design","Local Makers","https://localmakers.com.tr/pages/makers","Maker / marka / stüdyo profili","Resmî public dizinden doğrulandı","needs_enrichment","blocked_until_enriched"
"Mamezon","Local Makers","https://localmakers.com.tr/pages/makers","Maker / marka / stüdyo profili","Resmî public dizinden doğrulandı","needs_enrichment","blocked_until_enriched"
"Mano Works","Local Makers","https://localmakers.com.tr/pages/makers","Maker / marka / stüdyo profili","Resmî public dizinden doğrulandı","needs_enrichment","blocked_until_enriched"
"Margami","Local Makers","https://localmakers.com.tr/pages/makers","Maker / marka / stüdyo profili","Resmî public dizinden doğrulandı","needs_enrichment","blocked_until_enriched"
"Maze The Offical","Local Makers","https://localmakers.com.tr/pages/makers","Maker / marka / stüdyo profili","Resmî public dizinden doğrulandı","needs_enrichment","blocked_until_enriched"
"Melinka Accessories","Local Makers","https://localmakers.com.tr/pages/makers","Maker / marka / stüdyo profili","Resmî public dizinden doğrulandı","needs_enrichment","blocked_until_enriched"
"Melinka Co.","Local Makers","https://localmakers.com.tr/pages/makers","Maker / marka / stüdyo profili","Resmî public dizinden doğrulandı","needs_enrichment","blocked_until_enriched"
"Meriç Çiftliği","Local Makers","https://localmakers.com.tr/pages/makers","Maker / marka / stüdyo profili","Resmî public dizinden doğrulandı","needs_enrichment","blocked_until_enriched"
"Meyda Atelier","Local Makers","https://localmakers.com.tr/pages/makers","Maker / marka / stüdyo profili","Resmî public dizinden doğrulandı","needs_enrichment","blocked_until_enriched"
"Metebey Zeytinyağları","Local Makers","https://localmakers.com.tr/pages/makers","Maker / marka / stüdyo profili","Resmî public dizinden doğrulandı","needs_enrichment","blocked_until_enriched"
"MIEBOX","Local Makers","https://localmakers.com.tr/pages/makers","Maker / marka / stüdyo profili","Resmî public dizinden doğrulandı","needs_enrichment","blocked_until_enriched"
"Mier Handmade","Local Makers","https://localmakers.com.tr/pages/makers","Maker / marka / stüdyo profili","Resmî public dizinden doğrulandı","needs_enrichment","blocked_until_enriched"
"Mileya Design","Local Makers","https://localmakers.com.tr/pages/makers","Maker / marka / stüdyo profili","Resmî public dizinden doğrulandı","needs_enrichment","blocked_until_enriched"
"Mikedi","Local Makers","https://localmakers.com.tr/pages/makers","Maker / marka / stüdyo profili","Resmî public dizinden doğrulandı","needs_enrichment","blocked_until_enriched"
"Miklan İstanbul","Local Makers","https://localmakers.com.tr/pages/makers","Maker / marka / stüdyo profili","Resmî public dizinden doğrulandı","needs_enrichment","blocked_until_enriched"
"Mind The Mod","Local Makers","https://localmakers.com.tr/pages/makers","Maker / marka / stüdyo profili","Resmî public dizinden doğrulandı","needs_enrichment","blocked_until_enriched"
"Minerva Ceramics","Local Makers","https://localmakers.com.tr/pages/makers","Maker / marka / stüdyo profili","Resmî public dizinden doğrulandı","needs_enrichment","blocked_until_enriched"
"Mindre Candle Co.","Local Makers","https://localmakers.com.tr/pages/makers","Maker / marka / stüdyo profili","Resmî public dizinden doğrulandı","needs_enrichment","blocked_until_enriched"
"Miseca","Local Makers","https://localmakers.com.tr/pages/makers","Maker / marka / stüdyo profili","Resmî public dizinden doğrulandı","needs_enrichment","blocked_until_enriched"
"MOMİYA DREAMS","Local Makers","https://localmakers.com.tr/pages/makers","Maker / marka / stüdyo profili","Resmî public dizinden doğrulandı","needs_enrichment","blocked_until_enriched"
"MONOİBİO","Local Makers","https://localmakers.com.tr/pages/makers","Maker / marka / stüdyo profili","Resmî public dizinden doğrulandı","needs_enrichment","blocked_until_enriched"
"MUJJ","Local Makers","https://localmakers.com.tr/pages/makers","Maker / marka / stüdyo profili","Resmî public dizinden doğrulandı","needs_enrichment","blocked_until_enriched"
"MUUN CO.","Local Makers","https://localmakers.com.tr/pages/makers","Maker / marka / stüdyo profili","Resmî public dizinden doğrulandı","needs_enrichment","blocked_until_enriched"
"MUMFUUD","Local Makers","https://localmakers.com.tr/pages/makers","Maker / marka / stüdyo profili","Resmî public dizinden doğrulandı","needs_enrichment","blocked_until_enriched"
"MUMO Wrap","Local Makers","https://localmakers.com.tr/pages/makers","Maker / marka / stüdyo profili","Resmî public dizinden doğrulandı","needs_enrichment","blocked_until_enriched"
"Mundough","Local Makers","https://localmakers.com.tr/pages/makers","Maker / marka / stüdyo profili","Resmî public dizinden doğrulandı","needs_enrichment","blocked_until_enriched"
"Müstesna Dükkan","Local Makers","https://localmakers.com.tr/pages/makers","Maker / marka / stüdyo profili","Resmî public dizinden doğrulandı","needs_enrichment","blocked_until_enriched"
"Müşerref Cosmetics","Local Makers","https://localmakers.com.tr/pages/makers","Maker / marka / stüdyo profili","Resmî public dizinden doğrulandı","needs_enrichment","blocked_until_enriched"
"My Oh My! Naturals","Local Makers","https://localmakers.com.tr/pages/makers","Maker / marka / stüdyo profili","Resmî public dizinden doğrulandı","needs_enrichment","blocked_until_enriched"
"n.a.if","Local Makers","https://localmakers.com.tr/pages/makers","Maker / marka / stüdyo profili","Resmî public dizinden doğrulandı","needs_enrichment","blocked_until_enriched"
"Natuva","Local Makers","https://localmakers.com.tr/pages/makers","Maker / marka / stüdyo profili","Resmî public dizinden doğrulandı","needs_enrichment","blocked_until_enriched"
"Nature Of The Things","Local Makers","https://localmakers.com.tr/pages/makers","Maker / marka / stüdyo profili","Resmî public dizinden doğrulandı","needs_enrichment","blocked_until_enriched"
"Navi Ceramics","Local Makers","https://localmakers.com.tr/pages/makers","Maker / marka / stüdyo profili","Resmî public dizinden doğrulandı","needs_enrichment","blocked_until_enriched"
"Naz Saner Draws","Local Makers","https://localmakers.com.tr/pages/makers","Maker / marka / stüdyo profili","Resmî public dizinden doğrulandı","needs_enrichment","blocked_until_enriched"
"Neymiş","Local Makers","https://localmakers.com.tr/pages/makers","Maker / marka / stüdyo profili","Resmî public dizinden doğrulandı","needs_enrichment","blocked_until_enriched"
"Net Zero Cup","Local Makers","https://localmakers.com.tr/pages/makers","Maker / marka / stüdyo profili","Resmî public dizinden doğrulandı","needs_enrichment","blocked_until_enriched"
"Nirodha Design","Local Makers","https://localmakers.com.tr/pages/makers","Maker / marka / stüdyo profili","Resmî public dizinden doğrulandı","needs_enrichment","blocked_until_enriched"
"No:8 Atölye","Local Makers","https://localmakers.com.tr/pages/makers","Maker / marka / stüdyo profili","Resmî public dizinden doğrulandı","needs_enrichment","blocked_until_enriched"
"NOSTEL","Local Makers","https://localmakers.com.tr/pages/makers","Maker / marka / stüdyo profili","Resmî public dizinden doğrulandı","needs_enrichment","blocked_until_enriched"
"Nomadic Us","Local Makers","https://localmakers.com.tr/pages/makers","Maker / marka / stüdyo profili","Resmî public dizinden doğrulandı","needs_enrichment","blocked_until_enriched"
"nuuna","Local Makers","https://localmakers.com.tr/pages/makers","Maker / marka / stüdyo profili","Resmî public dizinden doğrulandı","needs_enrichment","blocked_until_enriched"
"OBJEKT | Yaratıcı Cisimler Atölyesi","Local Makers","https://localmakers.com.tr/pages/makers","Maker / marka / stüdyo profili","Resmî public dizinden doğrulandı","needs_enrichment","blocked_until_enriched"
"Ola Studio","Local Makers","https://localmakers.com.tr/pages/makers","Maker / marka / stüdyo profili","Resmî public dizinden doğrulandı","needs_enrichment","blocked_until_enriched"
"Olea Vera","Local Makers","https://localmakers.com.tr/pages/makers","Maker / marka / stüdyo profili","Resmî public dizinden doğrulandı","needs_enrichment","blocked_until_enriched"
"Oolai","Local Makers","https://localmakers.com.tr/pages/makers","Maker / marka / stüdyo profili","Resmî public dizinden doğrulandı","needs_enrichment","blocked_until_enriched"
"Otama Kırkpınar","Local Makers","https://localmakers.com.tr/pages/makers","Maker / marka / stüdyo profili","Resmî public dizinden doğrulandı","needs_enrichment","blocked_until_enriched"
"Oyun Atlası","Local Makers","https://localmakers.com.tr/pages/makers","Maker / marka / stüdyo profili","Resmî public dizinden doğrulandı","needs_enrichment","blocked_until_enriched"
"Oyuncu Kunduz","Local Makers","https://localmakers.com.tr/pages/makers","Maker / marka / stüdyo profili","Resmî public dizinden doğrulandı","needs_enrichment","blocked_until_enriched"
"Palp Studio","Local Makers","https://localmakers.com.tr/pages/makers","Maker / marka / stüdyo profili","Resmî public dizinden doğrulandı","needs_enrichment","blocked_until_enriched"
"Paperwork Istanbul","Local Makers","https://localmakers.com.tr/pages/makers","Maker / marka / stüdyo profili","Resmî public dizinden doğrulandı","needs_enrichment","blocked_until_enriched"
"Paperises","Local Makers","https://localmakers.com.tr/pages/makers","Maker / marka / stüdyo profili","Resmî public dizinden doğrulandı","needs_enrichment","blocked_until_enriched"
"Paper Street","Local Makers","https://localmakers.com.tr/pages/makers","Maker / marka / stüdyo profili","Resmî public dizinden doğrulandı","needs_enrichment","blocked_until_enriched"
"Parrmuse","Local Makers","https://localmakers.com.tr/pages/makers","Maker / marka / stüdyo profili","Resmî public dizinden doğrulandı","needs_enrichment","blocked_until_enriched"
"PELCARE","Local Makers","https://localmakers.com.tr/pages/makers","Maker / marka / stüdyo profili","Resmî public dizinden doğrulandı","needs_enrichment","blocked_until_enriched"
"Pêle-Mêle","Local Makers","https://localmakers.com.tr/pages/makers","Maker / marka / stüdyo profili","Resmî public dizinden doğrulandı","needs_enrichment","blocked_until_enriched"
"Peppythings","Local Makers","https://localmakers.com.tr/pages/makers","Maker / marka / stüdyo profili","Resmî public dizinden doğrulandı","needs_enrichment","blocked_until_enriched"
"PERARU chocolate","Local Makers","https://localmakers.com.tr/pages/makers","Maker / marka / stüdyo profili","Resmî public dizinden doğrulandı","needs_enrichment","blocked_until_enriched"
"Pemy Store","Local Makers","https://localmakers.com.tr/pages/makers","Maker / marka / stüdyo profili","Resmî public dizinden doğrulandı","needs_enrichment","blocked_until_enriched"
"Pigment Atelier","Local Makers","https://localmakers.com.tr/pages/makers","Maker / marka / stüdyo profili","Resmî public dizinden doğrulandı","needs_enrichment","blocked_until_enriched"
"Pinnet","Local Makers","https://localmakers.com.tr/pages/makers","Maker / marka / stüdyo profili","Resmî public dizinden doğrulandı","needs_enrichment","blocked_until_enriched"
"Posto Studio","Local Makers","https://localmakers.com.tr/pages/makers","Maker / marka / stüdyo profili","Resmî public dizinden doğrulandı","needs_enrichment","blocked_until_enriched"
"Puffin Cycle Design","Local Makers","https://localmakers.com.tr/pages/makers","Maker / marka / stüdyo profili","Resmî public dizinden doğrulandı","needs_enrichment","blocked_until_enriched"
"Pureal","Local Makers","https://localmakers.com.tr/pages/makers","Maker / marka / stüdyo profili","Resmî public dizinden doğrulandı","needs_enrichment","blocked_until_enriched"
"Project Anxiety","Local Makers","https://localmakers.com.tr/pages/makers","Maker / marka / stüdyo profili","Resmî public dizinden doğrulandı","needs_enrichment","blocked_until_enriched"
"RAQUN","Local Makers","https://localmakers.com.tr/pages/makers","Maker / marka / stüdyo profili","Resmî public dizinden doğrulandı","needs_enrichment","blocked_until_enriched"
"Reluck","Local Makers","https://localmakers.com.tr/pages/makers","Maker / marka / stüdyo profili","Resmî public dizinden doğrulandı","needs_enrichment","blocked_until_enriched"
"REM Kombucha","Local Makers","https://localmakers.com.tr/pages/makers","Maker / marka / stüdyo profili","Resmî public dizinden doğrulandı","needs_enrichment","blocked_until_enriched"
"Rezzo Ceramics","Local Makers","https://localmakers.com.tr/pages/makers","Maker / marka / stüdyo profili","Resmî public dizinden doğrulandı","needs_enrichment","blocked_until_enriched"
"Risus Heroic","Local Makers","https://localmakers.com.tr/pages/makers","Maker / marka / stüdyo profili","Resmî public dizinden doğrulandı","needs_enrichment","blocked_until_enriched"
"Ro&Glo","Local Makers","https://localmakers.com.tr/pages/makers","Maker / marka / stüdyo profili","Resmî public dizinden doğrulandı","needs_enrichment","blocked_until_enriched"
"Rojok","Local Makers","https://localmakers.com.tr/pages/makers","Maker / marka / stüdyo profili","Resmî public dizinden doğrulandı","needs_enrichment","blocked_until_enriched"
"Root Aromaterapi","Local Makers","https://localmakers.com.tr/pages/makers","Maker / marka / stüdyo profili","Resmî public dizinden doğrulandı","needs_enrichment","blocked_until_enriched"
"Root Jewellery","Local Makers","https://localmakers.com.tr/pages/makers","Maker / marka / stüdyo profili","Resmî public dizinden doğrulandı","needs_enrichment","blocked_until_enriched"
"Sasha Rana","Local Makers","https://localmakers.com.tr/pages/makers","Maker / marka / stüdyo profili","Resmî public dizinden doğrulandı","needs_enrichment","blocked_until_enriched"
"saledo","Local Makers","https://localmakers.com.tr/pages/makers","Maker / marka / stüdyo profili","Resmî public dizinden doğrulandı","needs_enrichment","blocked_until_enriched"
"Sage","Local Makers","https://localmakers.com.tr/pages/makers","Maker / marka / stüdyo profili","Resmî public dizinden doğrulandı","needs_enrichment","blocked_until_enriched"
"Sauca Collection","Local Makers","https://localmakers.com.tr/pages/makers","Maker / marka / stüdyo profili","Resmî public dizinden doğrulandı","needs_enrichment","blocked_until_enriched"
"Sesiber","Local Makers","https://localmakers.com.tr/pages/makers","Maker / marka / stüdyo profili","Resmî public dizinden doğrulandı","needs_enrichment","blocked_until_enriched"
"Self Made Ceramics","Local Makers","https://localmakers.com.tr/pages/makers","Maker / marka / stüdyo profili","Resmî public dizinden doğrulandı","needs_enrichment","blocked_until_enriched"
"Seraphy Aromatherapy","Local Makers","https://localmakers.com.tr/pages/makers","Maker / marka / stüdyo profili","Resmî public dizinden doğrulandı","needs_enrichment","blocked_until_enriched"
"Shasha Soul","Local Makers","https://localmakers.com.tr/pages/makers","Maker / marka / stüdyo profili","Resmî public dizinden doğrulandı","needs_enrichment","blocked_until_enriched"
"Skål Living","Local Makers","https://localmakers.com.tr/pages/makers","Maker / marka / stüdyo profili","Resmî public dizinden doğrulandı","needs_enrichment","blocked_until_enriched"
"Soapy Co.","Local Makers","https://localmakers.com.tr/pages/makers","Maker / marka / stüdyo profili","Resmî public dizinden doğrulandı","needs_enrichment","blocked_until_enriched"
"Soli Workshop","Local Makers","https://localmakers.com.tr/pages/makers","Maker / marka / stüdyo profili","Resmî public dizinden doğrulandı","needs_enrichment","blocked_until_enriched"
"SOLILU","Local Makers","https://localmakers.com.tr/pages/makers","Maker / marka / stüdyo profili","Resmî public dizinden doğrulandı","needs_enrichment","blocked_until_enriched"
"Som Design Studio","Local Makers","https://localmakers.com.tr/pages/makers","Maker / marka / stüdyo profili","Resmî public dizinden doğrulandı","needs_enrichment","blocked_until_enriched"
"Sou Forms","Local Makers","https://localmakers.com.tr/pages/makers","Maker / marka / stüdyo profili","Resmî public dizinden doğrulandı","needs_enrichment","blocked_until_enriched"
"Space For Mana","Local Makers","https://localmakers.com.tr/pages/makers","Maker / marka / stüdyo profili","Resmî public dizinden doğrulandı","needs_enrichment","blocked_until_enriched"
"Studio Somamou","Local Makers","https://localmakers.com.tr/pages/makers","Maker / marka / stüdyo profili","Resmî public dizinden doğrulandı","needs_enrichment","blocked_until_enriched"
"Studio Klar","Local Makers","https://localmakers.com.tr/pages/makers","Maker / marka / stüdyo profili","Resmî public dizinden doğrulandı","needs_enrichment","blocked_until_enriched"
"Studio Yabu","Local Makers","https://localmakers.com.tr/pages/makers","Maker / marka / stüdyo profili","Resmî public dizinden doğrulandı","needs_enrichment","blocked_until_enriched"
"Studio Le Fond","Local Makers","https://localmakers.com.tr/pages/makers","Maker / marka / stüdyo profili","Resmî public dizinden doğrulandı","needs_enrichment","blocked_until_enriched"
"Studio Potato","Local Makers","https://localmakers.com.tr/pages/makers","Maker / marka / stüdyo profili","Resmî public dizinden doğrulandı","needs_enrichment","blocked_until_enriched"
"Şana Yaşam Köyü","Local Makers","https://localmakers.com.tr/pages/makers","Maker / marka / stüdyo profili","Resmî public dizinden doğrulandı","needs_enrichment","blocked_until_enriched"
"Şebnem Kurtul","Local Makers","https://localmakers.com.tr/pages/makers","Maker / marka / stüdyo profili","Resmî public dizinden doğrulandı","needs_enrichment","blocked_until_enriched"
"T-Brush","Local Makers","https://localmakers.com.tr/pages/makers","Maker / marka / stüdyo profili","Resmî public dizinden doğrulandı","needs_enrichment","blocked_until_enriched"
"Tent Project","Local Makers","https://localmakers.com.tr/pages/makers","Maker / marka / stüdyo profili","Resmî public dizinden doğrulandı","needs_enrichment","blocked_until_enriched"
"THE CARNIVALIST","Local Makers","https://localmakers.com.tr/pages/makers","Maker / marka / stüdyo profili","Resmî public dizinden doğrulandı","needs_enrichment","blocked_until_enriched"
"The AC Stories","Local Makers","https://localmakers.com.tr/pages/makers","Maker / marka / stüdyo profili","Resmî public dizinden doğrulandı","needs_enrichment","blocked_until_enriched"
"The Goatz Creative","Local Makers","https://localmakers.com.tr/pages/makers","Maker / marka / stüdyo profili","Resmî public dizinden doğrulandı","needs_enrichment","blocked_until_enriched"
"The Illustrationary","Local Makers","https://localmakers.com.tr/pages/makers","Maker / marka / stüdyo profili","Resmî public dizinden doğrulandı","needs_enrichment","blocked_until_enriched"
"The Nona Store","Local Makers","https://localmakers.com.tr/pages/makers","Maker / marka / stüdyo profili","Resmî public dizinden doğrulandı","needs_enrichment","blocked_until_enriched"
"The North Fox","Local Makers","https://localmakers.com.tr/pages/makers","Maker / marka / stüdyo profili","Resmî public dizinden doğrulandı","needs_enrichment","blocked_until_enriched"
"Therapia Atelier","Local Makers","https://localmakers.com.tr/pages/makers","Maker / marka / stüdyo profili","Resmî public dizinden doğrulandı","needs_enrichment","blocked_until_enriched"
"Therapia Natural","Local Makers","https://localmakers.com.tr/pages/makers","Maker / marka / stüdyo profili","Resmî public dizinden doğrulandı","needs_enrichment","blocked_until_enriched"
"Tip Ceramic","Local Makers","https://localmakers.com.tr/pages/makers","Maker / marka / stüdyo profili","Resmî public dizinden doğrulandı","needs_enrichment","blocked_until_enriched"
"Touchary","Local Makers","https://localmakers.com.tr/pages/makers","Maker / marka / stüdyo profili","Resmî public dizinden doğrulandı","needs_enrichment","blocked_until_enriched"
"tosh workshop","Local Makers","https://localmakers.com.tr/pages/makers","Maker / marka / stüdyo profili","Resmî public dizinden doğrulandı","needs_enrichment","blocked_until_enriched"
"Tosy Toys","Local Makers","https://localmakers.com.tr/pages/makers","Maker / marka / stüdyo profili","Resmî public dizinden doğrulandı","needs_enrichment","blocked_until_enriched"
"Tubb Atelier","Local Makers","https://localmakers.com.tr/pages/makers","Maker / marka / stüdyo profili","Resmî public dizinden doğrulandı","needs_enrichment","blocked_until_enriched"
"Tufetto","Local Makers","https://localmakers.com.tr/pages/makers","Maker / marka / stüdyo profili","Resmî public dizinden doğrulandı","needs_enrichment","blocked_until_enriched"
"Un Poco","Local Makers","https://localmakers.com.tr/pages/makers","Maker / marka / stüdyo profili","Resmî public dizinden doğrulandı","needs_enrichment","blocked_until_enriched"
"Universe of Lavanta","Local Makers","https://localmakers.com.tr/pages/makers","Maker / marka / stüdyo profili","Resmî public dizinden doğrulandı","needs_enrichment","blocked_until_enriched"
"VELOUTE","Local Makers","https://localmakers.com.tr/pages/makers","Maker / marka / stüdyo profili","Resmî public dizinden doğrulandı","needs_enrichment","blocked_until_enriched"
"Vienurla Aromatherapy","Local Makers","https://localmakers.com.tr/pages/makers","Maker / marka / stüdyo profili","Resmî public dizinden doğrulandı","needs_enrichment","blocked_until_enriched"
"Wastespresso","Local Makers","https://localmakers.com.tr/pages/makers","Maker / marka / stüdyo profili","Resmî public dizinden doğrulandı","needs_enrichment","blocked_until_enriched"
"Vose","Local Makers","https://localmakers.com.tr/pages/makers","Maker / marka / stüdyo profili","Resmî public dizinden doğrulandı","needs_enrichment","blocked_until_enriched"
"White and More Seramik","Local Makers","https://localmakers.com.tr/pages/makers","Maker / marka / stüdyo profili","Resmî public dizinden doğrulandı","needs_enrichment","blocked_until_enriched"
"Wish-nu Design","Local Makers","https://localmakers.com.tr/pages/makers","Maker / marka / stüdyo profili","Resmî public dizinden doğrulandı","needs_enrichment","blocked_until_enriched"
"Youwa","Local Makers","https://localmakers.com.tr/pages/makers","Maker / marka / stüdyo profili","Resmî public dizinden doğrulandı","needs_enrichment","blocked_until_enriched"
"YUMMATE","Local Makers","https://localmakers.com.tr/pages/makers","Maker / marka / stüdyo profili","Resmî public dizinden doğrulandı","needs_enrichment","blocked_until_enriched"
"Yörük Studio","Local Makers","https://localmakers.com.tr/pages/makers","Maker / marka / stüdyo profili","Resmî public dizinden doğrulandı","needs_enrichment","blocked_until_enriched"
"Zakun Design","Local Makers","https://localmakers.com.tr/pages/makers","Maker / marka / stüdyo profili","Resmî public dizinden doğrulandı","needs_enrichment","blocked_until_enriched"
"Zeynep Akdemir Creative Studio","Local Makers","https://localmakers.com.tr/pages/makers","Maker / marka / stüdyo profili","Resmî public dizinden doğrulandı","needs_enrichment","blocked_until_enriched"
"Zone Design Store","Local Makers","https://localmakers.com.tr/pages/makers","Maker / marka / stüdyo profili","Resmî public dizinden doğrulandı","needs_enrichment","blocked_until_enriched"
"Zozo Cares","Local Makers","https://localmakers.com.tr/pages/makers","Maker / marka / stüdyo profili","Resmî public dizinden doğrulandı","needs_enrichment","blocked_until_enriched"
"Bağımsız maker/tasarım marketplace","Local Makers","","Evet","Public Makers dizini mevcut.","needs_enrichment","blocked_until_enriched"
"https://localmakers.com.tr/pages/makers","Local Makers","","Makers public directory","","needs_enrichment","blocked_until_enriched"